insert into Presentation (id, eventid, name, tag, description, rate, speaker, startHour) values (1, 1, 'Flipped', 'JAVA', 'non sodales sed tincidunt eu felis fusce posuere felis sed', 3.77, 'Dominik Kownacki', 9);
insert into Presentation (id, eventid, name, tag, description, rate, speaker, startHour) values (2, 1, 'No One Knows About Persian Cats (Kasi az gorbehaye irani khabar nadareh)', 'JAVASCRIPT', 'sem mauris laoreet ut rhoncus aliquet pulvinar sed nisl nunc rhoncus dui vel sem sed sagittis nam congue risus semper porta volutpat quam pede lobortis ligula sit', 4.07, 'Dominik Kownacki', 10);
insert into Presentation (id, eventid, name, tag, description, rate, speaker, startHour) values (3, 1, 'Taira Clan Saga, The (Shin heike monogatari)', 'BIGDATA', 'scelerisque mauris sit amet eros suspendisse accumsan tortor quis turpis sed ante vivamus tortor duis mattis egestas metus aenean fermentum donec ut mauris eget massa tempor convallis', 2.85, 'Dominik Kownacki', 11);
insert into Presentation (id, eventid, name, tag, description, rate, speaker, startHour) values (4, 1, 'All Together, The', 'JAVA', 'justo nec condimentum neque sapien placerat ante nulla justo aliquam quis turpis', 2.46, 'Michal Wisniewski', 12);
insert into Presentation (id, eventid, name, tag, description, rate, speaker, startHour) values (5, 1, 'Incendiary', 'JAVASCRIPT', 'rhoncus mauris enim leo rhoncus sed vestibulum sit amet cursus id turpis integer aliquet massa id lobortis convallis tortor risus dapibus augue vel accumsan tellus nisi eu orci', 1.14, 'Szymon Niemiec', 13);
insert into Presentation (id, eventid, name, tag, description, rate, speaker, startHour) values (6, 1, 'Takva: A Man''s Fear of God', 'BIGDATA', 'quam suspendisse potenti nullam porttitor lacus at turpis donec posuere metus vitae ipsum aliquam non mauris morbi', 1.71, 'Szymon Niemiec', 14);
insert into Presentation (id, eventid, name, tag, description, rate, speaker, startHour) values (7, 1, 'Jungle Fever', 'JAVA', 'felis sed interdum venenatis turpis enim blandit mi in porttitor pede justo eu', 4.16, 'Dominik Kownacki', 15);
insert into Presentation (id, eventid, name, tag, description, rate, speaker, startHour) values (8, 1, 'Night Tide', 'JAVASCRIPT', 'amet consectetuer adipiscing elit proin risus praesent lectus vestibulum quam sapien varius ut blandit non interdum in ante vestibulum ante ipsum', 4.71, 'Szymon Niemiec', 16);
insert into Presentation (id, eventid, name, tag, description, rate, speaker, startHour) values (9, 2, 'Devil and Daniel Webster, The (All That Money Can Buy)', 'BIGDATA', 'feugiat non pretium quis lectus suspendisse potenti in eleifend quam a odio in hac habitasse platea', 3.6, 'Robert Górski', 17);
insert into Presentation (id, eventid, name, tag, description, rate, speaker, startHour) values (10, 2, 'Sam''s Song', 'JAVA', 'sit amet eleifend pede libero quis orci nullam molestie nibh in lectus pellentesque at nulla suspendisse potenti cras in purus eu magna vulputate luctus cum', 1.63, 'Dominik Kownacki', 9);


insert into Presentation (id, eventid, name, tag, description, rate, speaker, startHour) values (10001, 6, 'Earth', 'JAVA', 'libero ut massa volutpat convallis morbi odio odio elementum eu interdum eu tincidunt in leo', 1.48, 'Dominik Kownacki', 9);
insert into Presentation (id, eventid, name, tag, description, rate, speaker, startHour) values (10002, 6, 'Tarzan Finds a Son!', 'JAVASCRIPT', 'a suscipit nulla elit ac nulla sed vel enim sit amet nunc viverra dapibus nulla suscipit ligula in lacus curabitur at ipsum ac tellus semper interdum', 2.81, 'Michal Wisniewski', 10);
insert into Presentation (id, eventid, name, tag, description, rate, speaker, startHour) values (10003, 6, 'Private Lives of Pippa Lee, The', 'MICROSERVICES', 'natoque penatibus et magnis dis parturient montes nascetur ridiculus mus vivamus', 3.4, 'Jan Kowalski', 11);
insert into Presentation (id, eventid, name, tag, description, rate, speaker, startHour) values (10004, 6, 'Just Like Us', 'PYTHON', 'etiam faucibus cursus urna ut tellus nulla ut erat id mauris vulputate elementum nullam varius nulla facilisi cras', 4.28, 'Szymon Niemiec', 12);
insert into Presentation (id, eventid, name, tag, description, rate, speaker, startHour) values (10005, 6, 'Yentl', 'BIGDATA', 'urna pretium nisl ut volutpat sapien arcu sed augue aliquam erat volutpat in congue', 4.03, 'Michal Wisniewski', 13);
insert into Presentation (id, eventid, name, tag, description, rate, speaker, startHour) values (10006, 6, 'Me and the Colonel ', 'JAVA', 'eu interdum eu tincidunt in leo maecenas pulvinar lobortis est phasellus sit amet erat nulla tempus vivamus in felis eu sapien cursus', 4.89, 'Dominik Kownacki', 14);
insert into Presentation (id, eventid, name, tag, description, rate, speaker, startHour) values (10007, 6, 'Rocks in my Pockets', 'JAVASCRIPT', 'pede justo eu massa donec dapibus duis at velit eu est congue elementum in hac habitasse platea dictumst morbi vestibulum velit', 4.49, 'Bartek Golabek', 15);
insert into Presentation (id, eventid, name, tag, description, rate, speaker, startHour) values (10008, 6, 'Two Days', 'MICROSERVICES', 'curabitur convallis duis consequat dui nec nisi volutpat eleifend donec ut dolor morbi vel lectus in quam fringilla rhoncus mauris enim leo rhoncus sed vestibulum sit amet', 2.64, 'Dominik Kownacki', 16);
insert into Presentation (id, eventid, name, tag, description, rate, speaker, startHour) values (10009, 6, 'Free to Play', 'PYTHON', 'natoque penatibus et magnis dis parturient montes nascetur ridiculus mus etiam vel augue vestibulum rutrum', 4.37, 'Robert Górski', 17);
insert into Presentation (id, eventid, name, tag, description, rate, speaker, startHour) values (100010, 6, 'Bed & Breakfast: Love is a Happy Accident (Bed & Breakfast)', 'BIGDATA', 'lorem ipsum dolor sit amet consectetuer adipiscing elit proin interdum mauris non ligula', 3.57, 'Dominik Kownacki', 9);
insert into Presentation (id, eventid, name, tag, description, rate, speaker, startHour) values (100011, 6, 'Queen of the Amazons', 'JAVA', 'potenti in eleifend quam a odio in hac habitasse platea dictumst maecenas ut massa quis augue luctus', 3.02, 'Robert Górski', 10);
insert into Presentation (id, eventid, name, tag, description, rate, speaker, startHour) values (100012, 6, 'House of Rothschild, The', 'JAVASCRIPT', 'lectus suspendisse potenti in eleifend quam a odio in hac habitasse platea dictumst maecenas ut massa quis augue luctus tincidunt', 3.18, 'Bartek Golabek', 11);
insert into Presentation (id, eventid, name, tag, description, rate, speaker, startHour) values (100013, 6, 'Man Who Laughs, The', 'MICROSERVICES', 'ut nulla sed accumsan felis ut at dolor quis odio consequat varius integer ac leo pellentesque ultrices mattis odio donec vitae nisi nam ultrices libero non mattis pulvinar nulla pede', 3.7, 'Karol Klimonczyk', 12);
insert into Presentation (id, eventid, name, tag, description, rate, speaker, startHour) values (100014, 6, 'National Velvet', 'PYTHON', 'orci luctus et ultrices posuere cubilia curae mauris viverra diam vitae quam', 2.67, 'Dominik Kownacki', 13);
insert into Presentation (id, eventid, name, tag, description, rate, speaker, startHour) values (100015, 6, 'Among Giants', 'BIGDATA', 'in quam fringilla rhoncus mauris enim leo rhoncus sed vestibulum sit amet cursus id turpis', 3.5, 'Karol Klimonczyk', 14);
insert into Presentation (id, eventid, name, tag, description, rate, speaker, startHour) values (100016, 6, 'Sonny Boy', 'JAVA', 'velit nec nisi vulputate nonummy maecenas tincidunt lacus at velit vivamus vel nulla eget eros elementum pellentesque quisque porta volutpat erat quisque erat', 3.41, 'Karol Klimonczyk', 15);
insert into Presentation (id, eventid, name, tag, description, rate, speaker, startHour) values (100017, 6, 'Beneath', 'JAVASCRIPT', 'elit proin risus praesent lectus vestibulum quam sapien varius ut blandit non interdum in ante vestibulum', 1.46, 'Karol Klimonczyk', 16);
insert into Presentation (id, eventid, name, tag, description, rate, speaker, startHour) values (100018, 6, 'Californie, La', 'MICROSERVICES', 'turpis integer aliquet massa id lobortis convallis tortor risus dapibus augue vel', 4.89, 'Rafal Jankowski', 17);
insert into Presentation (id, eventid, name, tag, description, rate, speaker, startHour) values (100019, 6, 'Mugger, The (El asaltante)', 'PYTHON', 'luctus ultricies eu nibh quisque id justo sit amet sapien dignissim vestibulum vestibulum ante ipsum primis in faucibus orci luctus et', 4.49, 'Robert Górski', 9);
insert into Presentation (id, eventid, name, tag, description, rate, speaker, startHour) values (100020, 6, 'Sebastian Maniscalco: What''s Wrong with People?', 'BIGDATA', 'in blandit ultrices enim lorem ipsum dolor sit amet consectetuer adipiscing elit proin interdum mauris non ligula pellentesque ultrices phasellus id sapien in sapien', 2.61, 'Karol Klimonczyk', 10);
insert into Presentation (id, eventid, name, tag, description, rate, speaker, startHour) values (100021, 6, 'The Beast of the City', 'JAVA', 'fusce posuere felis sed lacus morbi sem mauris laoreet ut rhoncus aliquet pulvinar sed nisl nunc rhoncus', 1.58, 'Michal Wisniewski', 11);
insert into Presentation (id, eventid, name, tag, description, rate, speaker, startHour) values (100022, 6, 'Queen to Play (Joueuse)', 'JAVASCRIPT', 'vel pede morbi porttitor lorem id ligula suspendisse ornare consequat lectus in', 3.8, 'Jan Kowalski', 12);
insert into Presentation (id, eventid, name, tag, description, rate, speaker, startHour) values (100023, 6, 'White Oleander', 'MICROSERVICES', 'vivamus in felis eu sapien cursus vestibulum proin eu mi nulla ac enim in tempor turpis nec euismod scelerisque quam', 2.17, 'Michal Wisniewski', 13);
insert into Presentation (id, eventid, name, tag, description, rate, speaker, startHour) values (100024, 6, 'Bataan', 'PYTHON', 'luctus nec molestie sed justo pellentesque viverra pede ac diam cras pellentesque volutpat dui maecenas tristique est et tempus semper est quam pharetra magna ac consequat metus', 3.62, 'Michal Wisniewski', 14);
insert into Presentation (id, eventid, name, tag, description, rate, speaker, startHour) values (100025, 6, 'Quarry, The', 'BIGDATA', 'bibendum felis sed interdum venenatis turpis enim blandit mi in', 3.78, 'Michal Wisniewski', 15);
insert into Presentation (id, eventid, name, tag, description, rate, speaker, startHour) values (100026, 6, 'Song of the Little Road (Pather Panchali)', 'JAVA', 'aenean fermentum donec ut mauris eget massa tempor convallis nulla neque libero convallis eget eleifend luctus ultricies eu nibh', 4.49, 'Robert Górski', 16);
insert into Presentation (id, eventid, name, tag, description, rate, speaker, startHour) values (100027, 6, 'That Awkward Moment', 'JAVASCRIPT', 'libero non mattis pulvinar nulla pede ullamcorper augue a suscipit nulla elit ac nulla sed vel enim sit amet nunc', 3.07, 'Robert Górski', 17);
insert into Presentation (id, eventid, name, tag, description, rate, speaker, startHour) values (100028, 6, 'Shirin', 'MICROSERVICES', 'ut mauris eget massa tempor convallis nulla neque libero convallis eget eleifend luctus ultricies eu nibh quisque id justo sit amet sapien dignissim vestibulum vestibulum ante', 1.01, 'Szymon Niemiec', 9);
insert into Presentation (id, eventid, name, tag, description, rate, speaker, startHour) values (100029, 6, 'Mickey Blue Eyes', 'PYTHON', 'turpis eget elit sodales scelerisque mauris sit amet eros suspendisse accumsan tortor quis turpis sed ante vivamus tortor duis mattis egestas metus aenean fermentum donec ut mauris eget', 1.47, 'Szymon Niemiec', 10);
insert into Presentation (id, eventid, name, tag, description, rate, speaker, startHour) values (100030, 6, 'It''s Always Fair Weather', 'BIGDATA', 'cubilia curae nulla dapibus dolor vel est donec odio justo sollicitudin ut suscipit a feugiat et eros vestibulum ac est lacinia', 3.72, 'Rafal Jankowski', 11);
insert into Presentation (id, eventid, name, tag, description, rate, speaker, startHour) values (100031, 6, 'Crew, The', 'JAVA', 'mattis egestas metus aenean fermentum donec ut mauris eget massa tempor convallis nulla neque libero convallis eget eleifend luctus ultricies eu nibh quisque id justo sit amet sapien dignissim vestibulum', 1.64, 'Bartek Golabek', 12);
insert into Presentation (id, eventid, name, tag, description, rate, speaker, startHour) values (100032, 6, 'The Oscar', 'JAVASCRIPT', 'rhoncus mauris enim leo rhoncus sed vestibulum sit amet cursus id turpis integer aliquet massa id lobortis convallis tortor risus dapibus augue', 1.16, 'Rafal Jankowski', 13);
insert into Presentation (id, eventid, name, tag, description, rate, speaker, startHour) values (100033, 6, 'Pallbearer, The', 'MICROSERVICES', 'pede libero quis orci nullam molestie nibh in lectus pellentesque at nulla suspendisse potenti cras in purus eu magna vulputate luctus cum sociis natoque penatibus et magnis dis parturient montes', 3.51, 'Michal Wisniewski', 14);
insert into Presentation (id, eventid, name, tag, description, rate, speaker, startHour) values (100034, 6, 'Dracula Untold', 'PYTHON', 'erat id mauris vulputate elementum nullam varius nulla facilisi cras non velit nec nisi vulputate nonummy maecenas tincidunt lacus at velit vivamus vel nulla eget eros elementum pellentesque', 4.23, 'Bartek Golabek', 15);
insert into Presentation (id, eventid, name, tag, description, rate, speaker, startHour) values (100035, 6, 'State of Siege (État de siège)', 'BIGDATA', 'accumsan tortor quis turpis sed ante vivamus tortor duis mattis egestas metus aenean fermentum donec ut mauris eget', 2.29, 'Jan Kowalski', 16);
insert into Presentation (id, eventid, name, tag, description, rate, speaker, startHour) values (100036, 6, 'Faces of Death 5', 'JAVA', 'risus dapibus augue vel accumsan tellus nisi eu orci mauris lacinia sapien quis libero nullam', 4.22, 'Robert Górski', 17);
insert into Presentation (id, eventid, name, tag, description, rate, speaker, startHour) values (100037, 6, 'Dark House', 'JAVASCRIPT', 'at nunc commodo placerat praesent blandit nam nulla integer pede justo lacinia eget tincidunt eget tempus vel pede morbi porttitor lorem id ligula suspendisse ornare', 2.72, 'Rafal Jankowski', 9);
insert into Presentation (id, eventid, name, tag, description, rate, speaker, startHour) values (100038, 6, 'Dumbo', 'MICROSERVICES', 'posuere felis sed lacus morbi sem mauris laoreet ut rhoncus aliquet pulvinar sed nisl nunc rhoncus dui vel sem sed sagittis nam congue risus semper', 4.63, 'Rafal Jankowski', 10);
insert into Presentation (id, eventid, name, tag, description, rate, speaker, startHour) values (100039, 6, 'Big Easy, The', 'PYTHON', 'tincidunt nulla mollis molestie lorem quisque ut erat curabitur gravida nisi at nibh in hac habitasse platea dictumst aliquam augue quam sollicitudin vitae consectetuer eget rutrum at', 4.85, 'Michal Wisniewski', 11);
insert into Presentation (id, eventid, name, tag, description, rate, speaker, startHour) values (100040, 6, 'Ciao Bella', 'BIGDATA', 'amet consectetuer adipiscing elit proin risus praesent lectus vestibulum quam', 3.22, 'Michal Wisniewski', 12);
insert into Presentation (id, eventid, name, tag, description, rate, speaker, startHour) values (100041, 6, 'Congress, The', 'JAVA', 'quis lectus suspendisse potenti in eleifend quam a odio in hac habitasse platea dictumst maecenas', 2.95, 'Bartek Golabek', 13);
insert into Presentation (id, eventid, name, tag, description, rate, speaker, startHour) values (100042, 6, 'Thin Ice', 'JAVASCRIPT', 'nulla nunc purus phasellus in felis donec semper sapien a libero nam dui proin leo odio porttitor', 1.73, 'Dominik Kownacki', 14);
insert into Presentation (id, eventid, name, tag, description, rate, speaker, startHour) values (100043, 6, 'Project Almanac', 'MICROSERVICES', 'nisi nam ultrices libero non mattis pulvinar nulla pede ullamcorper augue a suscipit nulla elit ac nulla', 1.66, 'Dominik Kownacki', 15);
insert into Presentation (id, eventid, name, tag, description, rate, speaker, startHour) values (100044, 6, 'Third Part of the Night, The (Trzecia czesc nocy)', 'PYTHON', 'integer ac neque duis bibendum morbi non quam nec dui luctus', 4.35, 'Rafal Jankowski', 16);
insert into Presentation (id, eventid, name, tag, description, rate, speaker, startHour) values (100045, 6, 'S.O.S. Coast Guard', 'BIGDATA', 'mauris vulputate elementum nullam varius nulla facilisi cras non velit nec nisi vulputate nonummy maecenas tincidunt lacus at velit vivamus vel nulla eget eros elementum pellentesque quisque', 1.48, 'Rafal Jankowski', 17);



-- TICKET
insert into TICKET (id, EVENTID) values (1, 1);
insert into TICKET (id, EVENTID) values (2, 2);
insert into TICKET (id, EVENTID) values (3, 3);
insert into TICKET (id, EVENTID) values (4, 4);
insert into TICKET (id, EVENTID) values (5, 5);

-- EVENT
insert into EVENT (id, name, description, date, city, streetName, streetNumber) values (1, 'Isuzu', 'eu massa donec dapibus duis at velit eu est congue elementum in hac habitasse platea dictumst morbi vestibulum velit id pretium', '2018-04-11 12:02:14', 'Chenfangji', 'Village Green', '65');
insert into EVENT (id, name, description, date, city, streetName, streetNumber) values (2, 'Saturn', 'cursus urna ut tellus nulla ut erat id mauris vulputate elementum nullam varius nulla facilisi cras', '2018-08-04 22:18:55', 'Huacrachuco', 'Helena', '6');
insert into EVENT (id, name, description, date, city, streetName, streetNumber) values (3, 'Ford', 'sed interdum venenatis turpis enim blandit mi in porttitor pede', '2018-08-23 04:39:10', 'Jatiwangi', 'Thompson', '879');
insert into EVENT (id, name, description, date, city, streetName, streetNumber) values (4, 'Honda', 'ipsum primis in faucibus orci luctus et ultrices posuere cubilia curae donec pharetra magna vestibulum aliquet ultrices erat tortor sollicitudin mi sit amet lobortis', '2019-03-04 10:11:11', 'Liufu', 'Columbus', '9');
insert into EVENT (id, name, description, date, city, streetName, streetNumber) values (5, 'Dodge', 'vivamus vestibulum sagittis sapien cum sociis natoque penatibus et magnis dis parturient montes nascetur ridiculus mus etiam vel augue vestibulum rutrum rutrum neque', '2018-12-18 21:04:47', 'Potou', 'Ilene', '85');
insert into EVENT (id, name, description, date, city, streetName, streetNumber) values (6, 'Audi', 'ultrices posuere cubilia curae donec pharetra magna vestibulum aliquet ultrices erat tortor sollicitudin mi sit amet lobortis sapien sapien non mi integer ac', '2019-01-28 10:03:27', 'Guluoshan', 'Londonderry', '45');

-- LOST THING
insert into LOSTTHING (id, name, description) values (1, 'Whiskey Hotel Charlie Foxtrot Echo Yankee Zulu Lima Quebec Victor November India Alfa', 'at velit vivamus vel nulla eget eros elementum pellentesque quisque porta volutpat');
insert into LOSTTHING (id, name, description) values (2, 'Kilo Mike Sierra Oscar X-ray Lima Yankee November Victor Alfa Foxtrot Whiskey Romeo Tango Hotel India Papa Zulu Charlie', 'in ante vestibulum ante ipsum primis in faucibus orci luctus et ultrices posuere cubilia curae duis');
insert into LOSTTHING (id, name, description) values (3, 'Uniform November Alfa Whiskey Kilo Papa X-ray Bravo Golf India Delta Tango', 'tortor quis turpis sed ante vivamus tortor duis mattis egestas');
insert into LOSTTHING (id, name, description) values (4, 'Whiskey India Oscar Tango Alfa Charlie X-ray Quebec Uniform Bravo Delta Golf November Lima', 'lobortis convallis tortor risus dapibus augue vel accumsan tellus nisi eu orci mauris lacinia');
insert into LOSTTHING (id, name, description) values (5, 'Yankee Oscar Foxtrot Victor Sierra Kilo Golf X-ray Alfa Bravo Tango', 'imperdiet sapien urna pretium nisl ut volutpat sapien arcu sed augue aliquam erat volutpat in');
insert into LOSTTHING (id, name, description) values (6, 'Alfa Delta Kilo Whiskey Hotel Quebec Oscar Romeo India November Bravo Echo', 'in faucibus orci luctus et ultrices posuere cubilia curae nulla dapibus');
insert into LOSTTHING (id, name, description) values (7, 'India Delta November Uniform Sierra X-ray Golf Whiskey Romeo Hotel Tango Kilo Oscar', 'pellentesque viverra pede ac diam cras pellentesque volutpat dui maecenas tristique est et tempus');
insert into LOSTTHING (id, name, description) values (8, 'Yankee Echo Whiskey Hotel Papa Victor Oscar India Juliett Charlie X-ray Tango Lima Kilo Alfa Mike Golf', 'in eleifend quam a odio in hac habitasse platea dictumst');
insert into LOSTTHING (id, name, description) values (9, 'Tango Echo November Whiskey Mike Lima Bravo Alfa Papa Uniform Kilo Charlie Yankee Foxtrot India', 'nullam sit amet turpis elementum ligula vehicula consequat morbi a ipsum integer a nibh in quis justo maecenas');
insert into LOSTTHING (id, name, description) values (10, 'Kilo Yankee Whiskey Delta Echo Alfa Tango Foxtrot X-ray Juliett Hotel Oscar Zulu Sierra Victor Quebec Mike Romeo November Papa', 'sit amet lobortis sapien sapien non mi integer ac neque duis bibendum morbi non quam nec dui luctus rutrum nulla');

-- QUESTION
insert into QUESTION (id, speaker, PRESENTATIONID, question, rating) values (1, 'Karol Klimonczyk', 1, 'Quinu', 1);
insert into QUESTION (id, speaker, PRESENTATIONID, question, rating) values (2, 'Rafal Jankowski', 1, 'Zoonoodle', 2);
insert into QUESTION (id, speaker, PRESENTATIONID, question, rating) values (3, 'Dominik Kownacki', 1, 'Twitterwire', 3);
insert into QUESTION (id, speaker, PRESENTATIONID, question, rating) values (4, 'Jan Kowalski', 1, 'Wordware', 4);
insert into QUESTION (id, speaker, PRESENTATIONID, question, rating) values (5, 'Robert Górski', 1, 'Rhynoodle', 5);
insert into QUESTION (id, speaker, PRESENTATIONID, question, rating) values (6, 'Jan Kowalski', 1, 'Skynoodle', 6);
insert into QUESTION (id, speaker, PRESENTATIONID, question, rating) values (7, 'Dominik Kownacki', 2, 'Gabtune', 7);
insert into QUESTION (id, speaker, PRESENTATIONID, question, rating) values (8, 'Jan Kowalski', 2, 'Oodoo', 8);
insert into QUESTION (id, speaker, PRESENTATIONID, question, rating) values (9, 'Robert Górski', 2, 'Flashpoint', 9);
insert into QUESTION (id, speaker, PRESENTATIONID, question, rating) values (10, 'Robert Górski', 2, 'Yakidoo', 10);
insert into QUESTION (id, speaker, PRESENTATIONID, question, rating) values (11, 'Rafal Jankowski', 2, 'Livetube', 1);
insert into QUESTION (id, speaker, PRESENTATIONID, question, rating) values (12, 'Karol Klimonczyk', 2, 'Twiyo', 2);
insert into QUESTION (id, speaker, PRESENTATIONID, question, rating) values (13, 'Bartek Golabek', 3, 'Livetube', 3);
insert into QUESTION (id, speaker, PRESENTATIONID, question, rating) values (14, 'Michal Wisniewski', 3, 'Livetube', 4);
insert into QUESTION (id, speaker, PRESENTATIONID, question, rating) values (15, 'Michal Wisniewski', 3, 'Brainlounge', 5);
insert into QUESTION (id, speaker, PRESENTATIONID, question, rating) values (16, 'Szymon Niemiec', 3, 'Wordware', 6);
insert into QUESTION (id, speaker, PRESENTATIONID, question, rating) values (17, 'Robert Górski', 3, 'Kaymbo', 7);
insert into QUESTION (id, speaker, PRESENTATIONID, question, rating) values (18, 'Robert Górski', 3, 'Riffpedia', 8);
insert into QUESTION (id, speaker, PRESENTATIONID, question, rating) values (19, 'Rafal Jankowski', 4, 'Agivu', 9);
insert into QUESTION (id, speaker, PRESENTATIONID, question, rating) values (20, 'Rafal Jankowski', 4, 'Mydo', 10);
